{"cameraMode":{"drawMode":0,"name":"Shaded","section":"Shading Mode"},"sceneLighting":true,"audioPlay":false,"sceneViewState":{"m_AlwaysRefresh":false,"showFog":true,"showSkybox":true,"showFlares":true,"showImageEffects":true,"showParticleSystems":true,"showVisualEffectGraphs":true,"m_FxEnabled":true},"in2DMode":false,"pivot":{"x":-17.94017791748047,"y":3.7178537845611574,"z":-4.4244065284729},"rotation":{"x":-0.01255128625780344,"y":-0.08806902915239334,"z":-0.0011162962764501572,"w":0.9960684776306152},"size":0.8660253882408142,"orthographic":false}